Notion URL,Description,Link,PDF Link,Category,Unnamed: 5,File Date,Unnamed: 7,Important
,Package Breakdown,https://docs.google.com/spreadsheets/d/1T2ErndYEKqF-j1Z3tCXJLEBoZQ8rhwJNALSjUslU2oU/edit?gid=0#gid=0,,,5-7Jul24 Mummys Market,,,Incomplete
,July 2024 Mummys market Baby Fair: Combo Package (Radiant),July 2024 Mummys market Baby Fair: Combo Package (Radiant),,,5-7Jul24 Mummys Market,,,
,Contract,Mumsrelle Baby Fair Contract.docx.pdf,,,5-7Jul24 Mummys Market,,,
,Sales Record Sheet,Mumsrelle July 24 Baby Fair Sales Record Sheet,,,5-7Jul24 Mummys Market,,,
,Sales Record Sheet - Copy for own sorting,https://docs.google.com/spreadsheets/d/1wG-gRoEA85PPKvaWpQWkZWyXW5ccEQjEXjfoiazadu0/edit?gid=0#gid=0,,,5-7Jul24 Mummys Market,,,
,Report,https://docs.google.com/document/d/1Dv2TrbOQ864JJ31DtkIfhJJldldRJOPuRUMKN1w4Mvw/edit,,,5-7Jul24 Mummys Market,2024-08-01 00:00:00.000,,
,Package Breakdown,[Mumsrelle] August 2024 Babyland Fair Package Breakdown,,,16-18Aug24 BabyLand,,,
,All Packages Details,"August 2024: Babyland Fair Package Details (Include TWSG,PNSG. Mumsrelle)",,,16-18Aug24 BabyLand,,,
,Contract - EERR,Aug 2024 Babyland Fair: Combo Package (Radiant & Eternal),,,16-18Aug24 BabyLand,,,
,Customer Upgrade Flow,Aug 24 BabyLand Baby Fair Customer Upgrade Flow,,,16-18Aug24 BabyLand,,,
,Lead Collection Flow,August 2024 Mumsrelle Baby Fair Leads Collection Flow,,,16-18Aug24 BabyLand,,,
,Operation Brief,Aug 2024 (Mumsrelle): BabyLand Operation Brief,,,16-18Aug24 BabyLand,,,
,Sales Record Sheet,https://docs.google.com/spreadsheets/d/1-jpq-mmna0eh2qpTICE8Y0FrkUvO6dAH77shg_cM6F4/edit?gid=0#gid=0,,,16-18Aug24 BabyLand,,,
,Report,Mumsrelle August 2024 Baby Fair Reporting,,,16-18Aug24 BabyLand,,,
,Package Breakdown,[Mumsrelle] Oct 2024 Mummys Market Package Breakdown,,,4-6Oct24 Mummys Market,,,
,All Packages Details,"Oct 2024: Mummys Market Package and Prediction (TWSG, PNSG, Mumsrelle)",,,4-6Oct24 Mummys Market,,,
,Contract - Comprehensive Confinement Combo,"Oct 2024 Mummys Market Baby Fair: Combo Package (Premium, Signature) & TWSG Contract",,,4-6Oct24 Mummys Market,,,
,Contract - Eternal Elegance Combo,Oct 2024 Mummys market Baby Fair: Eternal Elegance Combo,,,4-6Oct24 Mummys Market,,,
,Presentation Kit,Artwork,,,4-6Oct24 Mummys Market,,,
,Sales Speech,Oct 2024 Baby Fair Sales Speech,,,4-6Oct24 Mummys Market,,,
,FAQ,Oct 24 Baby Fair: BU FAQ,,,4-6Oct24 Mummys Market,,,
,Lead $200 Voucher,Mumsrelle Lead Flow Voucher-01.png,,,4-6Oct24 Mummys Market,,,
,Partner Brochure for $200 Voucher ,NEW SET,,,4-6Oct24 Mummys Market,,,
,Customer Flow Proposal,Mumsrelle Oct Baby Fair Customer Flow Proposal,,,4-6Oct24 Mummys Market,,,
,Package Upgrade Responses,Oct 2024 Baby Fair (Package Upgrade) (Responses),,,4-6Oct24 Mummys Market,2024-10-08 18:35:42.223,,
,Sales Record Sheet,[Mumsrelle] Oct 24 Baby Fair Sales Record Sheet,,,4-6Oct24 Mummys Market,2024-10-08 18:35:39.699,,
,Report,[Mumsrelle] October 2024 Baby Fair Report,,,4-6Oct24 Mummys Market,2024-11-05 00:00:00.000,,
,Jul24-Jan25 Cost,https://docs.google.com/spreadsheets/d/1vHQrQvvIfE-JKxDo9ccHNZlHWb7llvnGPNkC3WAwCTk/edit?gid=0#gid=0,,,,2025-02-18 00:00:00.000,,
,Package Breakdown,[Mumsrelle] Nov 2024 Babyland Package Breakdown,,,15-17Nov24 BabyLand,,,
,All Packages Details,"Nov 2024: Babyland Package and Prediction (TWSG, PNSG, Mumsrelle)",,,15-17Nov24 BabyLand,,,
,Contract - Comprehensive Confinement Combo,Nov 2024 Babyland: Combo Package & TWSG Contract,,,15-17Nov24 BabyLand,,,
,Contract - Eternal Elegance Combo,Nov 2024 Babyland: Eternal Elegance Combo Contract,,,15-17Nov24 BabyLand,,,
,Fair x Mumsrelle Gift With Purchase (GWP) Operation Brief,[MRL] BabyLand Nov 24 Fair x Mumsrelle Gift With Purchase (GWP) Operation Brief,,,15-17Nov24 BabyLand,,,
,Operation Brief,Nov 2024: Babyland Baby Fair Operation Brief,,,15-17Nov24 BabyLand,2024-11-13 00:00:00.000,,
,Sales Record Sheet,[Mumsrelle] Nov 24 Baby Fair Sales Record Sheet,,,15-17Nov24 BabyLand,,,
,Report,[Mumsrelle] November 2024 Baby Fair Report,,,15-17Nov24 BabyLand,2024-12-19 00:00:00.000,,
,Package Breakdown,[MRL] Jan 2025 Mummys Market Package Breakdown,,,10-12Jan25 Mummys Market,,,
,FAQ,BU FAQ - Jan'25 Babyland Fair,,,10-12Jan25 Mummys Market,,,
,Contract - Eternal Elegance Combo,Jan 2025 Baby Fair: Eternal Elegance Combo Contract,,,10-12Jan25 Mummys Market,,,
,Contract - Combo,Jan 2025 Baby Fair: Combo Package & TWSG Contract,,,10-12Jan25 Mummys Market,,,
,Brochure,Baby Fair jan 2025.pdf,,,10-12Jan25 Mummys Market,2024-12-17 00:00:00.000,,
,Brochure Content Direction,Jan 2025: Baby Fair Brochure Content Direction,,,10-12Jan25 Mummys Market,2024-12-09 00:00:00.000,,
,Sales Speech,Sales Speech_Jan'25 Baby Fair ,,,10-12Jan25 Mummys Market,,,
,Magazine Coupon Operation Brief,[MRL] Mummys Market Jan 2025 Magazine Coupon Operation Brief,,,10-12Jan25 Mummys Market,2024-12-19 00:00:00.000,,
,External Feedback Form,External: Jan 2025 MM Baby Fair Feedback Form,,,10-12Jan25 Mummys Market,,,
,Sales Record Sheet,MRL_Jan 25_Baby Fair Sales Record Sheet,,,10-12Jan25 Mummys Market,2025-01-13 00:00:00.000,,
,Report,[Mumsrelle] Jan 2025 Baby Fair Report,,,10-12Jan25 Mummys Market,2025-02-17 00:00:00.000,,
,Package Breakdown,[MRL] Apr 2025 Mummys Market Package Breakdown,,,18-20Apr25 Mummys Market,2025-02-13 00:00:00.000,,
,External Feedback Form,External: Apr 2025 MM Baby Fair Feedback Form,,,18-20Apr25 Mummys Market,2025-02-14 00:00:00.000,,
,Baby Fair FAQ,BU FAQ - Apr'25 Baby Fair,,,18-20Apr25 Mummys Market,2025-02-27 00:00:00.000,,
,Contract PRHB ,Apr 2025 Baby Fair: Mumsrelle Contract,,,18-20Apr25 Mummys Market,2025-03-05 00:00:00.000,,
,Contract EE Combo,Apr 2025 Baby Fair: Eternal Elegance Combo Contract,,,18-20Apr25 Mummys Market,2025-03-05 00:00:00.000,,
,Contract - Combo,April 2025 Baby Fair: Combo Package & TWSG Contract,,,18-20Apr25 Mummys Market,2025-03-07 00:00:00.000,,
,Report,[Mumsrelle] Apr 2025 Baby Fair Report,,,18-20Apr25 Mummys Market,2025-06-04 00:00:00.000,,
,Package Breakdown,[MRL] July 2025 Mummys Market Package,,,4-6July25 Mummys Market,2025-05-16 00:00:00.000,,
,Contract MRL,July 2025 Baby Fair : Mumsrelle Contract,,,4-6July25 Mummys Market,2025-06-10 00:00:00.000,,
,Contract EE,July 2025 Baby Fair : Deep Recovery & Eternal Elegance,,,4-6July25 Mummys Market,2025-06-10 00:00:00.000,,
,Contract - Combo,July 2025 Baby Fair : Combo Package & TWSG Contract,,,4-6July25 Mummys Market,2025-06-10 00:00:00.000,,
,Sales Speech,Sales Speech_Jul'25 Baby Fair ,,,4-6July25 Mummys Market,2025-06-09 00:00:00.000,,
,Baby Fair FAQ,BU FAQ - Jul'25 Baby Fair,,,4-6July25 Mummys Market,2025-06-13 00:00:00.000,,
,Package Breakdown (Installment Plan),https://docs.google.com/spreadsheets/d/1NhsRSa5lvSwXYt2UGzh_RkU70P0amTrJUmFYqFpJ5NE/edit?gid=1032092562#gid=1032092562,,,4-6July25 Mummys Market,2025-06-11 00:00:00.000,,
,Presentation kit,Presentation Kits,,,4-6July25 Mummys Market,2025-06-18 00:00:00.000,,
,Sign up Flow Operation Brief,[Mumsrelle] Jul 2025 Baby Fair: Sign up Flow Operation Brief,,,4-6July25 Mummys Market,2025-06-25 00:00:00.000,,
,Pre-order sales data,MRL_PreOrder_Mummy Market July Baby Fair,,,4-6July25 Mummys Market,2025-06-30 00:00:00.000,,
,Payment Record Sheet,[MRL] Jul 25 Baby Fair Sales Record Sheet,,,4-6July25 Mummys Market,2025-07-08 00:00:00.000,,
,Report,[Mumsrelle] July 2025 Baby Fair Report,,,4-6July25 Mummys Market,2025-08-11 00:00:00.000,,
,Package Breakdown,[MRL] Aug 2025 Babyland Package,,,8-10Aug25 Mummys Market,2025-07-09 00:00:00.000,,
,Pre-order proposal & contract,[MRL] Aug 2025 Babyland Fair: Pre-order Sales,,,8-10Aug25 Mummys Market,2025-07-11 00:00:00.000,,
,Pre-order Operation Brief,[Mumsrelle] Aug 2025 Babyland Fair: Pre-order Sales Operation Brief,,,8-10Aug25 Mummys Market,2025-07-11 00:00:00.000,,
,Contract EE,Aug 2025 Baby Fair : Deep Recovery & Eternal Elegance,,,8-10Aug25 Mummys Market,2025-07-21 00:00:00.000,,
,Contract EE (installment),(Instalment) Aug 2025 Baby Fair : Deep Recovery & Eternal Elegance,,,8-10Aug25 Mummys Market,2025-07-21 00:00:00.000,,
,Contract MRL,Aug 2025 Baby Fair : Mumsrelle Contract,,,8-10Aug25 Mummys Market,2025-07-21 00:00:00.000,,
,Contract Combo,Aug 2025 Baby Fair : Combo Package & TWSG Contract,,,8-10Aug25 Mummys Market,2025-07-21 00:00:00.000,,
,Contract Combo (installment),(Instalment) Aug 2025 Baby Fair : Combo Package & TWSG Contract,,,8-10Aug25 Mummys Market,2025-07-21 00:00:00.000,,
,Pre online marketplace campaign,[MRL] Aug 2025 Babyland Fair: Online MarketPlace,,,8-10Aug25 Mummys Market,2025-07-29 00:00:00.000,,
,Pre online marketplace campaign Operation Brief,[MRL] Aug 2025 Babyland Fair: Online MarketPlace Operation Brief,,,8-10Aug25 Mummys Market,2025-08-08 00:00:00.000,,
,Pre online marketplace campaign Contract,[MRL] Aug 25 Babyland Fair_ Online MarketPlace Contract.docx.pdf,,,8-10Aug25 Mummys Market,2025-08-08 00:00:00.000,,
,Sign up Flow Operation Brief,[Mumsrelle] Aug 2025 Baby Fair: Sign up Flow Operation Brief,,,8-10Aug25 Mummys Market,2025-08-04 00:00:00.000,,
,Report,[Mumsrelle] Aug Baby Fair 2025 Report,,,8-10Aug25 Mummys Market,2025-09-25 00:00:00.000,,
,Package Breakdown,[MRL] Oct 2025 Mummys Market Package,,,3-5Oct25 Mummys Market,2025-08-01 00:00:00.000,,
,Pre-order proposal & contract,[MRL] Oct'25 Mummys Market: Pre-order Sales,,,3-5Oct25 Mummys Market,2025-08-05 00:00:00.000,,
,Pre-order Operation Brief,[MRL] Oct 2025 Mummys Market: Pre-order Sales Operation Brief,,,3-5Oct25 Mummys Market,2025-08-25 00:00:00.000,,
,Presentation kit outline,Oct 2025: Presentation Kit Outline,,,3-5Oct25 Mummys Market,2025-08-12 00:00:00.000,,
,Sales Speech,Sales Speech_Oct 25 Baby Fair ,,,3-5Oct25 Mummys Market,2025-09-12 00:00:00.000,,
,FAQ,BU FAQ - Oct'25 Baby Fair,,,3-5Oct25 Mummys Market,2025-09-23 00:00:00.000,,
,Contract EE,Oct 2025 Baby Fair : Deep Recovery & Eternal Elegance,,,3-5Oct25 Mummys Market,2025-09-24 00:00:00.000,,
,Contract MRL,Oct 2025 Baby Fair : Mumsrelle Contract,,,3-5Oct25 Mummys Market,2025-09-24 00:00:00.000,,
,Contract Combo,Oct 2025 Baby Fair : Combo Package & TWSG Contract,,,3-5Oct25 Mummys Market,2025-09-24 00:00:00.000,,
,Installment proposal,https://docs.google.com/spreadsheets/d/1acORZMVyTWfW6Anaf8gLkDOAk8sbGM3GKLKs9ECPiPY/edit?gid=1798554641#gid=1798554641,,,3-5Oct25 Mummys Market,2025-09-26 00:00:00.000,,
,Contract EE (installment),(Instalment) Oct 2025 Baby Fair : Deep Recovery & Eternal Elegance,,,3-5Oct25 Mummys Market,2025-09-29 00:00:00.000,,
,Contract Combo (installment),(Instalment) Oct 2025 Baby Fair : Combo Package & TWSG Contract,,,3-5Oct25 Mummys Market,2025-09-29 00:00:00.000,,
,Mumsrelle Marketing Materials Oct Baby Fair,MRL MARKETING MATERIAL (29092025).pdf,,,3-5Oct25 Mummys Market,2025-09-30 00:00:00.000,,
,Operation Brief,[MRL] Oct 2025 Sign up Flow Operation Brief,,,3-5Oct25 Mummys Market,2025-10-06 00:00:00.000,,
,Package Breakdown,[MRL] Nov 2025 Baby Fair Package,,,28-30Nov25 Mummys Market,2025-10-27 00:00:00.000,,
,Contract Combo,Nov 2025 Baby Fair : Deep Recovery & Eternal Elegance,,,28-30Nov25 Mummys Market,2025-10-27 00:00:00.000,,
,Contract MRL,Nov 2025 Baby Fair : Mumsrelle Contract,,,28-30Nov25 Mummys Market,2025-10-27 00:00:00.000,,
,Nov Baby Fair Sales Report,[MRL] Nov 2025 Baby Fair Report,,,28-30Nov25 Mummys Market,2026-01-13 00:00:00.000,,
,Upgrade Response Sheet ,Nov 25 Baby Fair (Package Upgrade) (Responses),,,28-30Nov25 Mummys Market,2025-12-04 00:00:00.000,,
,Pre-order Sales Operation Brief,[MRL] Jan 2026 Mummys Market: Pre-order Sales Operation Brief,,,Jan26 Mummys Market,2026-01-05 00:00:00.000,,
,Pre-order proposal ,[MRL] Jan 2026 Mummys Market: Pre-order Sales,,,Jan26 Mummys Market,2026-01-05 00:00:00.000,,
,Sign up Flow Operation Brief.,[MRL] Jan 2026 Sign up Flow Operation Brief,,,Jan26 Mummys Market,2026-01-05 00:00:00.000,,
,Pre-Order sales data,Tian Wei Signature Pte Ltd.xlsx,,,Jan26 Mummys Market,2026-01-05 00:00:00.000,,
,Baby Fair Package,[MRL] Jan 2026 Baby Fair Package,,,Jan26 Mummys Market,2026-01-05 00:00:00.000,,
,Sales speech,Sales Speech_Jan 26 Baby Fair ,,,Jan26 Mummys Market,2026-01-05 00:00:00.000,,
,BU FAQ,BU FAQ - Jan 2026 Baby Fair,,,Jan26 Mummys Market,2026-01-05 00:00:00.000,,
,Combo Package & TWSG Contract (Instalment),(Instalment) Jan2026 Baby Fair : Combo Package & TWSG Contract,,,Jan26 Mummys Market,2026-01-05 00:00:00.000,,
,Deep Recovery & Eternal Elegance (Instalment),(Instalment) Jan 2026 Baby Fair : Deep Recovery & Eternal Elegance,,,Jan26 Mummys Market,2026-01-05 00:00:00.000,,
,Combo Package Contract,Jan 2026 Baby Fair : Combo Package & TWSG Contract,,,Jan26 Mummys Market,2026-01-05 00:00:00.000,,
,Mumsrelle Contract (A la carte),Jan 2026 Baby Fair : Mumsrelle Contract,,,Jan26 Mummys Market,2026-01-05 00:00:00.000,,
