Notion URL,Description,Link,PDF Link,Category,Remark,File Date,Unnamed: 7,Important
,Proposal,Mumsrelle Revamp Proposal to PNSG,,,,,,Incomplete
,EERR PNSG COGS & SOP,Mumsrelle X PNSG package,,,,,,
,PNSG x Mumsrelle Calculation,PNSG x Mumsrelle Calculation,,,For PNSG view,,,
,PNSG x Mumsrelle (Internal),PNSG x Mumsrelle (Internal),,,Stop using this. Sharon view only,,,
,Mumsrelle X PNSG,Mumsrelle X PNSG,,,Stop using this. For Hazelle view,,,
,Manual Invoice,EERR Manual Invoice,,,For CSO to issue manually,,,
,Contract,PNSG x Mumsrelle Contract_20240510.docx,,Working File,Not valid anymore,,,
,Contract,PNSG x Mumsrelle Contract_20240618.docx,,Working File,Not valid anymore,,,
,Revamp Landing Page Operation Brief,PNSG X Mumsrelle Landing Page Operation Brief,,,Live 18/10/2024,,,
,Revamp Sponsorship Contract,EE & RR  Sponsorship Contract(Revised).docx,,,,,,
,Revamp Contract,PNSG x Mumsrelle Contract_20240930,,,,2024-10-11,,
,Latest Contract,PNSG x Mumsrelle Contract_20250210,,,"After revamp, organize the package price breakdown, combine PNSG & MRL refund policy",2025-02-19,,
,Oct24 Promotions Proposal,PNSG October Campaign Proposal,,,,,,
,Oct24 Promo 1 Contract,Contract Promo 1,,,,,,
,Oct24 Promo 2 Contract,Contract Promo 2 (W/O Freebies),,,,,,
,Oct24 Promotions Operation Brief,PNSG x MRL October Payday Sales Operation Brief,,,,2024-10-22,,
,Oct24 Promo 2 Staging Link,https://staging2.pnsingapore.com/seasonal-online-promotions/#booking-section,,,,,,
,EE Contract,PNSG x Mumsrelle Contract_20241129,,,For 29Nov24 TikTok live,2024-11-29,,
,Influencer Media Kit,https://drive.google.com/file/d/1WWA7H-dfdh0_NQnYtphnd7CNyM-ZKOKF/view?usp=sharing ,,,,2024-12-09,,
,"[PNSG,MRL] PEM X PNSG Cross Sell Proposal
","[PNSG,MRL] PEM X PNSG Cross Sell Proposal",,,PEM Consultant sells Eternal Elegance Plan,2025-02-27,,
,"[PNSG,MRL] PEM X PNSG Cross Sell EE Plan Operation Brief","[PNSG,MRL] PEM X PNSG Cross Sell EE Plan Operation Brief",,,,2025-03-14,,
,PNSG X Mumsrelle PAYMENT (Internal Bill),PNSG X Mumsrelle PAYMENT (Internal Bill),,,,,,
,PNSG x Mumsrelle Last Chance Promo Proposal,PNSG x Mumsrelle Last Chance Promo Proposal,,,,2025-02-28,,
,PNSG x Mumsrelle Last Chance Promo Operation Brief, PNSG x Mumsrelle Last Chance Promo Operation Brief,,,,2025-02-28,,
,PNSG x Mumsrelle Contract,PNSG x Mumsrelle Contract_20250603,,,,2025-05-13,,
,PNSG T&C for PEM Consultant Invoice, PNSG T_C for PEM Consultant Invoice_20250603.docx,,,,2025-05-13,,
,PEM T&C (For Eternal Elegance Plan Only),PEM Terms and Conditions.docx,,,,2025-05-13,,
,Operation brief for EE& RR Update,Eternal Elegance & Radiant Recovery Package Update Operation Brief,,,,2025-05-30,,
,EE&RR Upselling,EE/RR Upselling Flow,,,,2025-07-10,,
,EE&RR Upselling (template message & artwork),EE & RR Upselling Template Message & Artwork Operation Brief ,,,,2025-07-21,,
,EE&RR UpsellingOperation Brief,https://docs.google.com/document/d/1n6ONvpcomjHZJfSyPTIzN6ZutLUHjMFyE3TQbwdcFI4/edit?usp=sharing ,,,,2025-08-01,,
,EE&RR Casesheet,PNSG Upselling,,,,2025-07-09,,
, PNSG Recommendation Campaign Proposal for EE,PNSG Recommendation Page Quiz,,,,2025-09-12,,
, PNSG Recommendation Campaign Contract for EE,PNSG x Mumsrelle Recommendation Campaign Contract_20250922,,,,2025-09-12,,
,$50 discount for the EERR package,PNSG x Mumsrelle Contract_Homepage Pop Up Promo_20251215,,,,2025-12-01,,
,March 2026 PNSG Women’s Day Promo Operation Brief,[MRL Version] March 2026 PNSG Women’s Day Promo Operation Brief,,,,2026-01-23,,
,EE Contract for PNSG March Women's Day Promo,[EE] PNSG March Women's Day Promo Contract_20260123,,,,2026-01-28,,
,EERR package booking page,https://pnsingapore.com/pnsg-x-mumsrelle/,,,,,,
