Notion URL,Description,Link,PDF Link,Category,Remark,File Date,Unnamed: 7,Important
,Flommie Website planning,Flommie Website Planning,,,,2025-09-22,,Incomplete
,Content Guide,Flommie Content Guide (Meal Replacement),,,,2025-09-26,,
,Revised Logo,flommie Brandguide.pdf,,,,2025-09-26,,
,Outline Flommie Order Confirmation Email,Flommie Confirmation Email,,,,2025-10-02,,
,Finalized Flommie logo,Finalized Flommie Brand Guide (1).pdf,,,,2025-10-03,,
,Welcome Email,Flommie Welcome Email,,,,2025-10-14,,
,Terms of Service,Flommie Terms of Service,,,,2025-10-15,,
,Privacy Policy,Flommie Privacy Policy,,,,2025-10-15,,
,Packaging mock up,Flommie packaging.pdf,,,,2025-10-16,,
,Return and refund policy,Flommie Return & Refund Policy,,,,2025-10-23,,
,Packaging content,CW: Flommie Packaging Content,,,,2025-10-23,,
,EasyParcel and J&T comparison table,Easy Parcel & JNT Comparison (Flommie),,,,2025-10-23,,
,FAQ,Flommie FAQs Webpage Content,,,,2025-10-30,,
,Website Mock Up,Flommie Website Mock Up Suggestion,,,,2025-10-30,,
,Homepage content,CW: Flommie Homepage,,,,2025-10-31,,
,Product Listing Table,Product Listing Table,,,,2025-11-03,,
,Product Listing Table for Retails,https://docs.google.com/spreadsheets/d/1cf3xvZEr2JggRn0Fa61KYF02lQERGyQbDPNXSFrVvhg/edit?usp=sharing,,,,2025-11-03,,
,Shipping policy,Flommie Shipping Policy,,,,2025-11-04,,
,Flommie Homepage with content,Homepage (with content),,,,2025-11-04,,
,Packaging design,Packaging 3,,,,2025-11-11,,
,Email Newsletter Promotion Proposal,(BU in view) Flommie - Email Newsletter Promotion,,,,2025-11-12,,
,Final amendment list,https://docs.google.com/document/d/1zVy_tIWU8OIm3L-j7-pmhpnqivs6QopBFEt_miPEMS4/edit?tab=t.4smqnnvyw7lk#heading=h.xml0w78jq09y,,,,2026-01-13,,
,Flommie website,https://flommie.com/,,,,2026-01-13,,
,Flommie Influencer Marketing Proposal,Flommie Influencer Marketing Proposal,,,,2026-01-14,,
,Flommie Organic Post Content Planning,Flommie Organic Post Content Planning,,,,2026-01-14,,
,Trademark License Agreement with Bionap,TMLA-_Flommie_Sdn_Bhd_ Bionap.pdf,,,,2026-01-27,,
