Notion URL,Description,Link,PDF Link,Category,Remark,File Date,Unnamed: 7,Important
,Skin Camouflage Treatment PPT, Skin Camouflage Treatment PPT,,Training,,,,Incomplete
,Skin Camouflage Question List,https://docs.google.com/document/d/1CqJ8Kxbb-UpaA-lCDTVMW5JnDUyiWfIPIaq2B7Wgx4M/edit#heading=h.jovpqh565sw9,,,,,,
,Skin Reborn Treatment PPT,https://docs.google.com/presentation/d/1TEkxXBL6Tx2yUk8jACfJB_q4ScjcNgBIDirtn2gZxJ0/edit#slide=id.g28b50fd3a30_0_43,,Training,,,,
,Skin Reborn Price List,https://docs.google.com/document/d/1IPRrAfzkvzZEw3BKvg23zzHI4CPe_bHybo8pPuPDuUc/edit,,,,,,
