Notion URL,Description,Link,PDF Link,Category,Remark,File Date,Unnamed: 7,Important
,Details,Mumsrelle Pelvic Restoration Package Development - Internal,,Working File,,,,Incomplete
,Velcro Binder Instruction,19Dec23 Instruction to Print on Velcro Binder Bag .pdf,,Artwork,To print on velcro binder bag itself,2023-12-19,,
,E-log Card,https://docs.google.com/forms/d/1FLLmZuQ_MpHKiDTtRoWzTMepw6-iqppp1I6pL8MJfs8/edit,,Daily Operation,,2023-11-29,,
,CSO Workflow,Mumsrelle PRHB Operations Team Workflow,,(Incomplete) SOP,,2024-02-09,,
,CSO Speech,Pelvic Restoration CSO Speech,,(Incomplete) SOP,,2024-02-09,,
,Lead Conversion Whatsapp Flow Operation brief,Mumsrelle Pelvic Restoration Lead Conversion Whatsapp Flow Operation brief,,,,,,
,Feedback Form Working File,Mumsrelle Feedback Form,,Working File,,,,
,Feedback Form,https://docs.google.com/forms/d/e/1FAIpQLSc29S8dGUfqcdss1U9s7rba1KF5FgI_VF1AC_3bR7JtshscpQ/viewform,,Daily Operation,,,,
,Feedback Form - Editable,https://docs.google.com/forms/d/1qonlxHcUzZm8XsoRb-wNgwBln59nxeIewiEr9ONJWe8/edit,,Working File,,,,
,Driver Arrangement Workflow,Mumsrelle Home Based Services Driver Arrangement,,Working File,,,,
,Driver System,Mumsrelle Driver System,,Daily Operation,,,,
,Therapist Job Arrangement Workflow,Mumsrelle X PNSG Therapist Job Arrangement,,Working File,,,,
,Therapist Schedule,MRL HB Therapist Schedule,,Daily Operation,,,,
,Casesheet Google Form - Editable,https://docs.google.com/forms/d/17HAk3nmqDPMBt4jOqeZM3e3_qsqVtk6jOmB-BK-bZhc/edit,,Working File,,2024-02-27,,
,Casesheet Google Form,https://docs.google.com/forms/d/e/1FAIpQLScp4P8cYU9xZa029b3EYOCUhUnKFrmBMakjuj_qet08GBPkww/viewform,,Daily Operation,,2024-02-27,,
,Pelvic Restoration Promotion Brochure,Mumsrelle Pelvic Restoration Lead Conversion Whatsapp Flow-01 (1).png,,Brochure,,2024-02-27,,
,Pelvic Restoration Normal Price Brochure,Mumsrelle Pelvic Restoration Treatment Package.png,,Brochure,,2024-03-08,,
,WhatsApp Flow for both Organic Client & Cross BUs Client,https://docs.google.com/document/d/1_0ZoqwcdZQvAvtdN0X1DaKdJ-1HjoGXcHE0I76NMhvY/edit#heading=h.gbv3bnftadbq,,Flow,,,,
,E-logcard Submission,Mumsrelle PRHB Google Form Responses,,Daily Operation,,,,
,Client Progression Submission,https://docs.google.com/spreadsheets/d/1eXOPSCzh_Acy-NrEH1JF8CRJjLiB9bEQ3_ZevP8o5lw/edit#gid=1537242529,,Daily Operation,,,,
,Therapist Training PPT,https://docs.google.com/presentation/d/1plVdRBaxwr6XtuwIkx5iu8awEtAjtalVYbRDitkMLGk/edit#slide=id.g29c61b81279_0_69,,Training,,,,
,Therapist Training Exam,https://docs.google.com/document/d/16ODIPq1prz-zbOyw2tOCVloaXV4elBj-v7cNjSYLJHk/edit,,Training,,,,
,Therapist SOP,Mumsrelle Pelvic Restoration Home-Based Therapist SOP,,SOP,,,,
,PRHB Booklet Amendment,PRHB Booklet Amendment,,,,2024-05-11,,
,PRHB Freebies_23.05.2025.png,PRHB Freebies_23.05.2025.png,,,,2025-05-23,,
,PRHB Material_23.05.2025.png,PRHB Material_23.05.2025.png,,,,2025-05-23,,
,MRL Price Increase for Pelvic Restoration Jan 2026 Proposal,[MRL] Price Increase for Pelvic Restoration Jan 2026,,,,2026-01-21,,
,Task Description of MRL Treatment Start Date Update & PRHB Price increase,Task Description of MRL Treatment Start Date Update & PRHB Price increase,,,,2026-01-28,,
