Notion URL,Description,Link,PDF Link,Category,Remark,File Date,Unnamed: 7,Important
,Referral Program Operation Brief,MRL Referral Program Operation Brief,,,,,,Incomplete
,$99 Bust Lift & Firm Cross Selling Operation Brief,$99 Bust Lift & Firm Broadcast Operation Brief,,,Afterwards change to $280 discount,,,
,Mumsrelle Birthday Gift & 50 Ladies Proposal,Mumsrelle Birthday Gift Proposal,,,,,,
,PEM x Mumsrelle Freebies Task Description,PEM x Mumsrelle Freebies Task Description,,,,,,
,Remove Mumsrelle Freebies from PEM Herbal Package Operation Brief,Remove Mumsrelle Freebies from PEM Herbal Package Operation Brief,,,,2025-02-27,,
,Mumsrelle x Mummies Club Partnership,Mumsrelle x Mummies Club Partnership,,,,,,
,Mumsrelle x Mummies Club Partnership Operation Brief,[Mumsrelle] Mummies Club Partnership Operation Brief,,,,,,
,Customer Google Review Proposal,Customer Google Review Proposal,,,,,,
,Customer Google Review Operation Brief,Customer Google Review Operation Brief,,,,,,
,Mumsrelle Customer Google Review Campaign Report (12 Aug 2024- 11 Sept 2024),Mumsrelle Customer Google Review Campaign Report (12 Aug 2024- 11 Sept 2024),,,,2024-10-17,,
,Mumsrelle x The Red Wedding Giveaway Operation Brief,Mumsrelle x The Red Wedding Giveaway Operation Brief,,,,,,
,Amber Chan Promo Code, [MRL] Promo Code For Influencer,,,,,,
,Beary Beary Partnership Brochure Design,Mumsrelle Brochure ($200 Discount) Content ,,,,2024-10-04,,
,Beary Beary Partnership Brochure,Mumsrelle Brochure ($200 Discount),,,,,,
,Mumsrelle x Beary Beary Partnership Operation Brief,https://docs.google.com/document/d/1RO5BSmVS29Ot8-J4aL9llUiQ1EQ6b_0TFUfob8YApMg/edit?tab=t.0,,,,,,
,Partnership with G Bub,[MRL] Partnership with G Bub,,,Same voucher as Beary Beary,,,
,Partnership with G Bub Operation Brief, [MRL] Partnership with G Bub Operation Brief,,,,,,
,Parkway X Mumsrelle Proposal,Parkway X Mumsrelle Proposal,,,,,,
,Parkway X Mumsrelle Operation Brief,Parkway X Mumsrelle Operation Brief,,,,2024-10-10,,
,Parkway X Mumsrelle Operation Brief (Updated),https://docs.google.com/document/d/1lc8CSTxtgjsBtnHnpEPomU5NVFJKfivABciDaLDcWjs/edit?usp=sharing,,,,2025-05-02,,
,$237 Trial Promo Operation Brief,MRL $237 Trial Promo Operation Brief,,,,2024-10-29,,
,$237 Trial Promo Campaign Report,MRL $237 Trial Promo Campaign Report,,,,2025-01-07,,
,Referral Program 2.0 Operation Brief,Mumsrelle Referral Program Oct 2024 Operation Brief,,,,2024-10-29,,
,Referral Program 2.0 Performance Report,MRL Referral Program Performance Report,,,,2024-12-09,,
,Tiktok Giveaway Operation Brief,[MRL] Tiktok Giveaway Operation Brief (Marketing Operation),,,6 Sessions Ultrasonic Body Contouring,2024-11-07,,
,TikTok Giveaway Engagement Boost Brief,TikTok Giveaway Campaign: Engagement Boost Brief,,,6 Sessions Ultrasonic Body Contouring,2024-11-18,,
,Tiktok Giveaway Report,(MRL) Tiktok Giveaway Campaign Report,,,6 Sessions Ultrasonic Body Contouring,2024-12-19,,
,TikTok 29Nov24 Black Friday Live Proposal,[Mumsrelle] Tiktok Black Friday Live Proposal,,,,2024-11-28,,
,TikTok 29Nov24 Black Friday Live Report,Mumsrelle TikTok Black Friday Live Report,,,,2024-12-05,,
,Mumsrelle x Wonderbewbz Operation Brief,Mumsrelle x Wonderbewbz Operation Brief,,,,2024-11-22,,
,MRL X LyoBB Christmas + NY Giveaway Collab Proposal,MRL X LyoBB Christmas + NY Giveaway,,,,2024-12-04,,
,TWSG x Hegen Workshop,[MRL] TWSG x Hegen Workshop Proposal,,,,2024-12-05,,
,Telegram Promotion,Operation Brief: Telegram Promotion for Mumsrelle,,,Daily Vanity,2024-12-06,,
,Operation Brief: Daily Vanity eDM,Operation Brief: Daily Vanity eDM for Mumsrelle,,,,2024-12-09,,
,OGW Proposal,Orchardgateway Black Friday Deals & Corporate Discount Proposal,,,"-Black Friday Deals
-OCBC & Hotel Jen",2024-10-21,,
,OGW Operation Brief,Orchardgateway Operation Brief,,,"-Black Friday Deals
-OCBC & Hotel Jen",2024-11-04,,
,OGW Operation Brief,https://docs.google.com/document/d/1rc1rZboReTGB0LE2kEPY8tap3bnDebKjgd13YL5X_N0/edit?tab=t.0#bookmark=id.zhk4f4n14lfo,,,OCBC & Hotel Jen,2025-08-15,,
,OGW Corporate Discount Operation Brief,https://docs.google.com/document/d/1rc1rZboReTGB0LE2kEPY8tap3bnDebKjgd13YL5X_N0/edit?tab=t.0#bookmark=id.zhk4f4n14lfo,,,OCBC & Hotel Jen,2025-10-02,,
,Just Parenthings Proposal,PNSG x Mumsrelle x Just Parenthings ,,,,2024-08-22,,
,Just Parenthings Episode Flow & Speech,Just Parenthings x PNSG x Mumsrelle Episode Flow & Speech,,,,2024-09-20,,
,Just Parenthings Shooting Operation Brief,Just Parenthings Operation Brief,,,,2024-11-14,,
,Just Parenthings Episode Draft,Mumsrelle Draft .mp4,,,,2024-12-02,,
,Just Parenthings Operation Brief,[MRL] Just Parenthings Operation Brief,,,,2024-12-24,,
,TikTok 12.12 Live Proposal,[Mumsrelle] TikTok 12.12 Live Proposal,,,,2024-12-10,,
,TikTok 12.12 Live Operation Brief,[Mumsrelle] TikTok 12.12 Live Operation Brief,,,,2024-12-12,,
,TikTok 12.12 Contract,[Mumsrelle] TikTok 12.12 Contract (Live Stream).docx,,,,2024-12-12,,
,TikTok 12.12 Live Report,Mumsrelle TikTok CNY Prosperty Live Report,,,,2024-12-19,,
,Mumsrelle Freebies Partnership,Mumsrelle Freebies Partnership ,,,Looking for collaboration with other brands,2024-12-11,,
,Mumsrelle x OCBC CDA, Mumsrelle x OCBC CDA,,,,2025-01-10,,
,Mumsrelle x OCBC CDA Operation Brief,Mumsrelle x OCBC CDA Operation Brief,,,,2025-05-15,,
,TikTok CNY Prosperity Live Proposal,[Mumsrelle] TikTok CNY Prosperity Live Proposal,,,,2025-01-13,,
,TikTok CNY Prosperity Sale Live Contract (Live Stream),https://docs.google.com/document/d/1c0bAhFbALKG6FkWQ40PWo-rEUgQJ-A_v/edit,,,,2025-01-16,,
,TikTok CNY Prosperity Sale Live Operation Brief,https://docs.google.com/document/d/1mmYdHtE7RebnHs1ZyqOWyQ10zWP0Zr_38kr5hfC4T-g/edit?tab=t.0,,,,2025-01-16,,
,TikTok CNY Prosperty Live Report,Mumsrelle TikTok CNY Prosperty Live Report,,,,2025-01-21,,
,Operation Brief for B10F5 Package (Buy 10 get 5 Free),Operation Brief for B10F5 Package (Buy 10 get 5 Free),,,,2025-01-13,,
,Operation Brief for Express Package,Operation Brief for Express Package,,,,2025-01-13,,
,Operation Brief for Bundle Sales Package,Operation Brief for Bundle Sales Package,,,,2025-01-13,,
,BZU BZU Giveaway Proposal,[MRL Version] BZU BZU Giveaway Proposal,,,,2025-01-27,,
,BZU BZU Giveaway Operation Brief,[MRL Version] BZU BZU Giveaway Operation Brief,,,,2025-02-21,,
,Cross-Selling Promotion for Internal BUs Past Customer Operation Brief,Mumsrelle Cross-Selling Promotion for Internal BUs Past Customer Operation Brief,,,Same as Promotion 8,2025-02-12,,
,Cross-Selling Promotion for Internal BUs Future Customer Operation Brief,Mumsrelle Cross-Selling Promotion for Internal BUs Future Customer Operation Brief,,,Same as Promotion 8,2025-02-12,,
,MRL x DA Partnership,MRL x DA Partnership,,,,2025-02-17,,
,"MRL x DA Partnership Operation Brief
",MRL x DA Partnership Operation Brief,,,,2025-04-14,,
,Bliss Helper x Mumsrelle Freebies Proposal,Bliss Helper x Mumsrelle Freebies Proposal,,,,2025-03-17,,
,Operation Brief Bliss Helper x Mumsrelle,https://docs.google.com/document/d/1swJRqM2XuALI8DY0sDEIf8Ve8PwCPC5F78xGx0otRRg/edit?usp=sharing,,,,2025-03-17,,
,PEM X PNSG Cross Sell EE Operation Brief,"[PNSG,MRL] PEM X PNSG Cross Sell EE Plan Operation Brief",,,,2025-04-01,,
,PEM X PNSG Cross Sell EE FAQs,[PEM X PNSG Cross Sell EE] Sales speech and FAQ,,,,2025-04-01,,
,Reader Choices Awards Winner by Expat Living,https://expatliving.sg/readers-choice-awards-2025-top-companies-in-singapore/,,,,2025-03-17,,
,PNSG Mother Day FB Live Operation Brief,[MRL] PNSG Mother Day Campaign 2025 Proposal,,,,2025-05-02,,
,Mother Day FB Live Campaign Report,[MRL] Mother Day FB Live Report,,,,2025-05-15,,
,PNSG x MRL Mother Day Campaign 2025 Operation Brief,[MRL] PNSG Mother Day Campaign 2025 Operation Brief ,,,,2025-05-02,,
,Influencer Promo Code 2025 Operation Brief for Simonboyyyy,[Mumsrelle] Influencer Promo Code 2025 Operation Brief,,,,,,
,Nature Wonder x MRL Proposal,Nature Wonder x MRL Proposal,,,,2025-04-10,,
,Nature Wonder x MRL Operation Brief,Nature Wonder x MRL Operation Brief,,,,2025-04-21,,
,6May25 Madela Warehouse Sale,Madela Warehouse Sale,,https://docs.google.com/document/d/1jpEcq1eLLq5u1HQUAgjjw2tyEGs2wT1lOgsMx6fwD-g/edit?usp=sharing,,,2025-05-06,
,Mumsrelle Package Customer Sign-Up Flow Babyboo Warehouse Sale, [Mumsrelle] Babyboo Warehouse Sales: Sign Up Flow Operation Brief,,,,2025-05-21,,
,Babyboo Warehouse Sale BU report,[Mumsrelle] Babyboo Warehouse Sale 2025 Report,,,,2025-06-23,,
,Ladies First Women’s Expo proposal,https://docs.google.com/document/d/1mxgaSKTByKUQnR4BwbwJMLjDY57n-cnK3lKcXLGVpSs/edit?tab=t.0,,,,2025-05-09,,
,Ladies 1st Women Expo Package,https://docs.google.com/spreadsheets/d/1soBi__EZpanZqMBJvCgT55eDan9vCAp92ElDtbItNWM/edit?gid=2013348061#gid=2013348061,,,,2025-05-16,,
,marketing event for Ladies Expo,Marketing Event for Ladies 1st Expo,,,,2025-05-23,,
,Proposal marketing event for Ladies Fair,[MRL] Marketing Event for Ladies 1st Expo,,,,2025-05-30,,
,PRHB Ladies Expo Brochure,PNSG x Mumsrelle Brochure & Lucky Draw Redemption Letter,,,,2025-06-17,,
,Slimming centre Ladies Expo Brochure,MRL,,,,2025-06-23,,
,Ladies 1st Expo Promotion Operation Brief,[MRL] Ladies 1st Expo Promotion Operation Brief ,,,,2025-06-26,,
,MRL Update ( PRHB Changes + Contact + FAQ Update) Operation Brief,MRL Update ( PRHB Changes + Contact + FAQ Update) Operation Brief,,,,2025-05-19,,
,MRL Update (Website and marketing materials),Updated changes in MRL website and marketing materials,,,,2025-07-23,,
,Pre order proposal for July baby fair,[MRL] July '25 Mummys Market: Pre-order Sales,,,,2025-05-20,,
,MRL July Baby Fair Pre Order Operation Brief,July 2025: Presentation Kit Outline,,,,2025-05-27,,
, MRL Mkt Materials Update - Award Logo 2025 Operation Brief,MRL Mkt Materials Update (Award Logo 2025) Operation Brief,,,,2025-05-22,,
,Mumsrelle Pelvic Restoration Referral Program Operation Brief,Mumsrelle Pelvic Restoration Referral Program Operation Brief,,,,2024-03-13,,
,MRL voucher insertion for PEM goodies bag,[MRL] Voucher for PEM Goodies Bag,,,,2025-05-29,,
,benefits of Indiba Pelvic Restoration for Simonboy to shout out,[Influencer] MRL Indiba Pelvic Restoration Benefit,,,,2025-06-16,,
,Breastfeeding 2025 Campaign Proposal,[MRL] Breastfeeding 2025 Campaign Proposal,,,,2025-06-23,,
,Breastfeeding 2025 Campaign Contract,PNSG x Mumsrelle Breastfeeding Promo_20250730.pdf,,,,2025-07-01,,
,Breastfeeding 2025 Operation Brief,[MRL] Breastfeeding 2025 Campaign Operation Brief,,,,2025-07-02,,
,UOB CDA proposal,[MRL]UOB CDA Partnership,,,,2025-07-18,,
,UOB CDA Operation Brief, [MRL] UOB CDA Partnership 2025 Operation Brief,,,,2025-07-29,,
,Class Pass proposal,MRL X CLASS PASS Proposal,,,,2025-07-22,,
,Dashboard,https://studios.classpass.com/login,,,,2025-09-08,,
,Payment account,https://suppliers.tipalti.com/ClassPass/account/Register?token=6f17c54c-fd63-4a55-bf2a-ae1a21932890,,,,2025-09-08,,
,Customer view,https://classpass.com/studios/mumsrelle-singapore,,,,2025-09-08,,
,PNSG last chance Promo Campaign proposal,[MRL Version] Aug 2025 Last Chance Promo Proposal,,,,2025-07-30,,
,PNSG last chance Promo Campaign Operation Brief,[MRL Version] Aug 2025 Last Chance Promo Operation Brief,,,,2025-08-07,,
,PNSG last chance Promo Campaign Contract,PNSG Radiant Recovery Last Chance Promo 06082025,,,,2025-08-07,,
,PNSG last chance Promo Campaign Sales Record Sheet,[MRL] Aug Last Chance Promo Sales Record Sheet,,,,2025-08-13,,
,PNSG last chance Promo Campaign Contract,PNSG Radiant Recovery Last Chance Promo 06082025,,,,2025-08-13,,
,PNSG X Mumsrelle TikTok Pop Up Promo,PNSG TikTok Pop Up Promo 2025,,,,2025-09-23,,
,PNSG X Mumsrelle TikTok Pop Up Promo Contract,PNSG X Mumsrelle TikTok Pop Up Promo Contract_20251003,,,,2025-09-23,,
,OGW Christmas and Black Friday Sales 2025,Proposal - Orchard Gateway Christmas and Black Friday 2025,,,,2025-10-30,,
,Mumsrelle X OGW Christmas Campaign Operation Brief,Operation Brief - OGW Christmas and Black Friday 2025,,,,2025-11-07,,
,PEM New Mom Essential Goodies Bag ,[MRL] Voucher for PEM Goodies Bag 2026,,,,2025-12-03,,
,MRL March 2026 PNSG Women’s Day Promo Operation Brief,[MRL Version] March 2026 PNSG Women’s Day Promo Operation Brief,,,,2026-01-22,,
,[MRL Operation Brief] Voucher for PEM Goodies Bag,[MRL Operation Brief] Voucher for PEM Goodies Bag,,,,2026-01-30,,
