Notion URL,Description,Link,PDF Link,Category,Remark,File Date,Unnamed: 7,Important
,Mumsrelle Content Guide,Mumsrelle Content Guide,,,,,,Incomplete
,Logo & Branding Kit,https://app.clickup.com/t/862jkqxyk,,,,,,
,Terms of Service,Mumsrelle: Terms of Service (24Feb2025),,,,,,
,PDPA,Mumsrelle: Personal Data Protection Act (PDPA),,,,,,
,VendorCafe,https://www.vendorcafe.com/vendorcafe/VendorOtherInfoAction.do?fromMenu=yes,,Finance Portal,,,,
,NETS,https://mauth.nets.com.sg/auth/realms/Merchant/protocol/openid-connect/auth?client_id=mportal&redirect_uri=https://merchantconnect.nets.com.sg/merchant&response_mode=fragment&response_type=code&scope=openid,,Finance Portal,,,,
,Atome,https://portal.atome.sg/main/payments/all-payments,,Finance Portal,,,,
,CMS,https://phpstack-1086814-3801928.cloudwaysapps.com/admin,,For consultation card & treatment card,,,,
,Digital Material Planning,Mumsrelle Digital Cards Planning,,Working File,,,,
,Digital Material Flow,Mumsrelle SC Client Digital Material,,Working File,"For:
Consultation Card
Treatment Card
Treatment Feedback Form
Service Feedback Form",,,
,Mumsrelle Website Implementation,Mumsrelle Website Implementation,,Working File,,,,
,Consultation Card Working File,For WD: Mumsrelle Consultation Card,,Working File,,,,
,Consultation Card,https://form.mumsrelle.com/,,Daily Operation,,,,
,Consultation Card QR Code,Mumsrelle Consultation Card QR Code.png,,Artwork,,2024-02-27,,
,Treatment Card Working File,For WD: Mumsrelle Treatment Card,,Working File,,,,
,Treatment Card,https://form.mumsrelle.com/treatment-card/,,Daily Operation,,,,
,Feedback Form Working File,Mumsrelle Feedback Form,,Working File,,,,
,Treatment Feedback Form,https://docs.google.com/forms/d/e/1FAIpQLSf1VKAiQ-2E9DQday2DUGzRb9CZ8VINA69DIk9B6ICpxuPd0w/viewform,,Daily Operation,After every ss,,,
,Treatment Feedback Form - Editable,https://docs.google.com/forms/d/1anS2YKDGjezYW93hzu1Etqyp9RKQKo5RTwbx6SasaMc/edit,,Working File,After every ss,,,
,Service Feedback Form,https://docs.google.com/forms/d/e/1FAIpQLSeYf_keq8PDQUD8Va4OXj6xPEiwrqMsNXzLZHmlInyRP7seBA/viewform,,Daily Operation,After whole package,,,
,Service Feedback Form - Editable,https://docs.google.com/forms/d/1MoQmYwOY5-0r44gDPrgqxpfiKumU3DaFQyvVnJTfulk/edit,,Working File,After whole package,,,
,Membership Brochure,Mumsrelle Membership Brochure-02.png,,Brochure,,,,
,Membership User Manual,Mumsrelle Membership User Manual,,SOP,,,,
,Membership Backend System,https://mumsrelle.com/wp-admin/admin.php?page=arm_manage_members,,Main Link,,,,
,Membership CSO Manually Record,Mumsrelle Client Data Base ,,Working File,,,,
,Membership Therapist View,Mumsrelle Therapist View,,Sub Link,,,,
,Therapist Treatment SOP,https://docs.google.com/spreadsheets/d/1EO1PTwVNvWedUCVe_KUxSqiP-6lq5iNdhWvqzEAdPg0/edit?gid=0#gid=0,,(Incomplete) SOP,,,,
,Therapist Training SOP,Mumsrelle Therapist Training SOP,,(Incomplete) SOP,Main version,,,
,Therapist Training SOP,Mumsrelle 2023: Outlet & Treatment SOP Booklet (Later Will Combine with Training SOP),,(Incomplete) SOP,Sub version to combine with main version,,,
,WhatsApp Flow for Organic Client,https://docs.google.com/document/d/1b9H5nv7M3q2nUDKwYDvK5hRayR3l7Zty3PumxwBd1tQ/edit,,Flow,,,,
,WhatsApp Flow for Cross BUs Client,Mumsrelle Slimming Centre Whatsapp Flow Planning,,Flow,,,,
,Diet E-Book,Mumsrelle Postpartum Diet E-Book QR-01.png,,Brochure,13/1 (M) Remove 1 paragraph regarding Eunice in page 3,2026-01-13,,
,Wesbite Testing Details,Marketing Testing Transaction Record,,Working File,,,,
,Centre Sales Presentation Kit,Mumsrelle Presentation Kit_Final_18 Apr 2024.pdf,,Daily Operation,,2024-04-18,,
,Centre Sales Presentation Kit,Mumsrelle Presentation Kits - June (4).pdf,,,,2024-06-01,,
,Centre Therapist Working Schedule,Mumsrelle Operation Schedule,,Daily Operation,,,,
,Mumsrelle Operation Brief,Mumsrelle Operation Brief,,Reference,,,,
,Mumsrelle Marketing Brief,Mumsrelle Marketing Brief,,Reference,,,,
,Training PPT: Sales & Promo Kit,Mumsrelle 2023 Slimming Sales & Promo Kit,,Training,,,,
,Training PPT: Guide to Successful Postpartum Slimming,The Guide to Successful Post Partum Slimming( Internal Training),,Training,,,,
,Training PPT: Ice Shaping IV Pro Cryotherapy,ICE SHAPING  IV PRO CRYOTHERAPY,,Training,,,,
,Ice Shaping IV Pro Cryotherapy Treatment & Setting Suggestion,https://docs.google.com/document/d/1uzfvenqG-hRsCAJyvm3cUE4yn7QyC0uJG_gFG_4c9ao/edit,,Training,,,,
,Training PPT: Magic Chair,EMS Pelvic Muscle Chair,,Training,,,,
,Magic Chair Benefit,https://docs.google.com/document/d/19VKwmMIBAkInsLsrm9hlIz0OmI1R3H7S/edit,,Training,,,,
,Operation Brief: Indiba Treatment Protocol for Pelvic Restoration,Operation Brief: Indiba Treatment Protocol for Pelvic Restoration,,,,2024-10-16,,
,Mummys Market Award Brief,MM Award Brief,,,,2024-10-25,,
,"Mumsme ""Our Brands"" Corner Proposal",Mumsrelle Poster,,,,,,
,"Mumsme ""Our Brands"" Corner Poster",Mumsrelle Poster-01.png,,,,2024-10-25,,
,Info Sheet for Influencer: Indiba + Pelvic Restoration: ,Mumsrelle WhatsApp Image (task 1)-02.png,,,,,,
,Info Sheet for Influencer: Other treatments,Mumsrelle WhatsApp Image (task 2)-01.png,,,,,,
,Influencer Media Kit revamp version,https://drive.google.com/file/d/1bNgk0hRRfayC90_jjy4XLIVaI7Xk7ikv/view,,,,2024-11-27,,
,Dior Indiba + Urgency Sale Speech,Dior Indiba + Urgency Sale Speech,,,,2024-11-19,,
,Award x BU List 2025,Award x BU List 2025,,,,2024-11-22,,
,B1F1 Photo for CSO,18 Dec 2024,,Artwork,,2024-12-19,,
,Instalment Payment Announcement,Mumsrelle Instalment Payment Announcement,,,Min $800 for instalment,2024-12-31,,
,Treatment Price & Duration Adjustment Operation Brief,Mumsrelle Treatment Price & Duration Adjustment Operation Brief,,,,2025-01-13,,
,CSO SOP,Mumsrelle CSO SOP,,(Incomplete) SOP,,,,
,Sequoia POS System SOP,Sequoia Testing Questions,,(Incomplete) SOP,,,,
,CSO Workflow - Slimming Centre,Mumsrelle SC Operations Team Workflow,,(Incomplete) SOP,,,,
,Mumsrelle Freebies on other BUs' TQ Page Update,[Operation Brief] Mumsrelle Freebies Update,,,Live on 5 Feb 2025,2025-01-21,,
,2025 CNY Operating Hours_Operation Brief,[MRL] 2025 CNY Operating Hours_Operation Brief,,,,2025-01-23,,
,MRL FB & Whatsapp Group,Facebook & WhatsApp Group Reviews_MRL (28 Feb 2025),,,,2025-03-10,,
,Mumsrelle Expansion Proposal Deck,MRL Deck Structure Notes,,,,2025-07-21,,
,"Update new changes in website,marketing materials",Updated changes in MRL website and marketing materials,,,,2025-08-12,,
,New tech info,https://docs.google.com/document/d/1KTN6XLWLydAreInJNHxxrjZfmslN3OTXjDqYOaEByR8/edit?tab=t.awnc9c2aeyy2,,,,2025-08-12,,
,Trt info,Mumsrelle Treatment Package Information,,,,2025-08-12,,
,Mumsrelle new packages price information,[TD] MRL Update Marketing Materials Aug 2025 ,,,,2025-08-15,,
,MRL Marketing Materials Update Aug 2025 Operation Brief,[MRL] Marketing Materials Update Aug 2025 Operation Brief ,,,,2025-09-03,,
,MRL New Packages Mock Up,CW: Mumsrelle New Package Webpage Content,,,,2025-09-08,,
,MRL Marketing Materials Update Aug 2025,[TD] MRL Update Marketing Materials Aug 2025 ,,,,2025-09-09,,
,MRL New package operation brief,[MRL] Marketing Materials Update Aug 2025 Operation Brief ,,,,2025-09-26,,
,Mumsrelle Survey Proposal (Invasive Treatment),Mumsrelle Survey Proposal (Medical Aesthetic Treatments),,,,2025-12-24,,
,"Mumsrelle Survey (Medical Aesthetic Treatments) Operation Brief,",Mumsrelle Survey (Medical Aesthetic Treatments) Operation Brief,,,,2025-12-31,,
,Mumsrelle Medical Aesthetic Treatments Survey,Mumsrelle Survey Report_Medical Aesthetic Treatments,,,,2026-01-13,,
,MRL 2026 CNY Influencer Gift Brief,[MRL] 2026 CNY Influencer Gift Brief,,,,2026-01-20,,
,MRL 2026 CNY Operating Hours_Operation Brief,[MRL] 2026 CNY Operating Hours_Operation Brief,,,,2026-01-23,,
